{
  "mse": 0.01715191785023452,
  "rmse": 0.13096533071860858,
  "mae": 0.10178064688687613,
  "r2": 0.7980981628075572,
  "accuracy": 0.775,
  "precision": 0.8447082396355878,
  "recall": 0.775,
  "f1": 0.7862907134226494,
  "precision_low": 0.9512195121951219,
  "recall_low": 0.6842105263157895,
  "f1_low": 0.7959183673469388,
  "precision_medium": 0.5555555555555556,
  "recall_medium": 0.9090909090909091,
  "f1_medium": 0.6896551724137931,
  "precision_high": 0.9574468085106383,
  "recall_high": 0.7627118644067796,
  "f1_high": 0.8490566037735849,
  "cv_r2_mean": -1.87808683586749,
  "cv_r2_std": 4.876318657161883
}